Gene name,Protein name,Protein ID,Compartment,Sub-Compartment
ABLIM1,Actin-binding LIM protein 1,O14639,Actin binding proteins,
ACTB,"Actin, cytoplasmic 1",P60709,Actin binding proteins,
ACTG1,"Actin, cytoplasmic 2",P63261,Actin binding proteins,
ACTN1,Alpha-actinin-1,P12814,Actin binding proteins,
ACTN4,Alpha-actinin-4,O43707,Actin binding proteins,
CALD1,Caldesmon,Q05682,Actin binding proteins,
CORO1B,Coronin-1B,Q9BR76,Actin binding proteins,
CORO1C,Coronin-1C,Q9ULV4,Actin binding proteins,
CORO2A,Coronin-2A,Q92828,Actin binding proteins,
CTTN,Src substrate cortactin,Q14247,Actin binding proteins,
DBN1,Drebrin,Q16643,Actin binding proteins,
FLNA,Filamin-A,P21333,Actin binding proteins,
FLNB,Filamin-B,O75369,Actin binding proteins,
LIMCH1,LIM and calponin homology domains-containing protein 1,Q9UPQ0,Actin binding proteins,
LMO7,LIM domain only protein 7,Q8WWI1,Actin binding proteins,
MPRIP,Myosin phosphatase Rho-interacting protein,Q6WCQ1,Actin binding proteins,
MYH10,Myosin-10,P35580,Actin binding proteins,
MYH9,Myosin-9,P35579,Actin binding proteins,
MYL12B,Myosin regulatory light chain 12B,O14950,Actin binding proteins,
MYL6,Myosin light polypeptide 6,P60660,Actin binding proteins,
PALLD,Palladin,Q8WX93,Actin binding proteins,
PDLIM7,PDZ and LIM domain protein 7,Q9NR12,Actin binding proteins,
PLS1,Plastin-1,Q14651,Actin binding proteins,
PLS3,Plastin-3,P13797,Actin binding proteins,
PPP1R18,Phostensin,Q6NYC8,Actin binding proteins,
PPP1R9B,Neurabin-2,Q96SB3,Actin binding proteins,
RAI14,Ankycorbin,Q9P0K7,Actin binding proteins,
SORBS2,Sorbin and SH3 domain-containing protein 2,O94875,Actin binding proteins,
SPTAN1,"Spectrin alpha chain, non-erythrocytic 1",Q13813,Actin binding proteins,
SPTBN1,"Spectrin beta chain, non-erythrocytic 1",Q01082,Actin binding proteins,
SPTBN2,"Spectrin beta chain, non-erythrocytic 2",O15020,Actin binding proteins,
TLN1,Talin-1,Q9Y490,Actin binding proteins,
TNS1,Tensin-1,Q9HBL0,Actin binding proteins,
UTRN,Utrophin,P46939,Actin binding proteins,
ANKFY1,Rabankyrin-5,Q9P2R3,Endosome,
AP3B1,AP-3 complex subunit beta-1,O00203,Endosome,
AP3D1,AP-3 complex subunit delta-1,O14617,Endosome,
AP3M1,AP-3 complex subunit mu-1,Q9Y2T2,Endosome,
APP,Amyloid beta A4 protein,P05067,Endosome,
ARL8A,ADP-ribosylation factor-like protein 8A,Q96BM9,Endosome,
ARL8B,ADP-ribosylation factor-like protein 8B,Q9NVJ2,Endosome,
ATG9A,Autophagy-related protein 9A,Q7Z3C6,Endosome,
ATP6AP1,V-type proton ATPase subunit S1,Q15904,Endosome,
ATP6V0A1,V-type proton ATPase 116 kDa subunit a isoform 1,Q93050,Endosome,
ATP6V0A2,V-type proton ATPase 116 kDa subunit a isoform 2,Q9Y487,Endosome,
ATP6V0A4,V-type proton ATPase 116 kDa subunit a isoform 4,Q9HBG4,Endosome,
ATP6V0D1,V-type proton ATPase subunit d 1,P61421,Endosome,
ATP6V1A,V-type proton ATPase catalytic subunit A,P38606,Endosome,
ATP6V1B2,"V-type proton ATPase subunit B, brain isoform",P21281,Endosome,
ATP6V1C1,V-type proton ATPase subunit C 1,P21283,Endosome,
ATP6V1E1,V-type proton ATPase subunit E 1,P36543,Endosome,
ATP6V1G1,V-type proton ATPase subunit G 1,O75348,Endosome,
ATP6V1H,V-type proton ATPase subunit H,Q9UI12,Endosome,
BLOC1S1,Biogenesis of lysosome-related organelles complex 1 subunit 1,P78537,Endosome,
BLOC1S2,Biogenesis of lysosome-related organelles complex 1 subunit 2,Q6QNY1,Endosome,
BLOC1S3,Biogenesis of lysosome-related organelles complex 1 subunit 3,Q6QNY0,Endosome,
CCZ1,Vacuolar fusion protein CCZ1 homolog,P86791,Endosome,
CLCN3,H(+)/Cl(-) exchange transporter 3,P51790,Endosome,
DNAJC13,DnaJ homolog subfamily C member 13,O75165,Endosome,
EEA1,Early endosome antigen 1,Q15075,Endosome,
EHD1,EH domain-containing protein 1,Q9H4M9,Endosome,
EHD4,EH domain-containing protein 4,Q9H223,Endosome,
FAM21A,WASH complex subunit FAM21A,Q641Q2,Endosome,
HGS,Hepatocyte growth factor-regulated tyrosine kinase substrate,O14964,Endosome,
IGF2R,Cation-independent mannose-6-phosphate receptor,P11717,Endosome,
KIAA0196,WASH complex subunit strumpellin,Q12768,Endosome,
KIAA1033,WASH complex subunit 7,Q2M389,Endosome,
M6PR,Cation-dependent mannose-6-phosphate receptor,P20645,Endosome,
MON1B,Vacuolar fusion protein MON1 homolog B,Q7L1V2,Endosome,
OCRL,Inositol polyphosphate 5-phosphatase OCRL-1,Q01968,Endosome,
RAB11B,Ras-related protein Rab-11B,Q15907,Endosome,
RAB11FIP1,Rab11 family-interacting protein 1,Q6WKZ4,Endosome,
RAB11FIP5,Rab11 family-interacting protein 5,Q9BXF6,Endosome,
RAB14,Ras-related protein Rab-14,P61106,Endosome,
RAB17,Ras-related protein Rab-17,Q9H0T7,Endosome,
RAB4A,Ras-related protein Rab-4A,P20338,Endosome,
RAB9A,Ras-related protein Rab-9A,P51151,Endosome,
SCAMP1,Secretory carrier-associated membrane protein 1,O15126,Endosome,
SCAMP2,Secretory carrier-associated membrane protein 2,O15127,Endosome,
SCAMP3,Secretory carrier-associated membrane protein 3,O14828,Endosome,
SCYL2,SCY1-like protein 2,Q6P3W7,Endosome,
SNAPIN,SNARE-associated protein Snapin,O95295,Endosome,
SNX1,Sorting nexin-1,Q13596,Endosome,
SNX2,Sorting nexin-2,O60749,Endosome,
SNX27,Sorting nexin-27,Q96L92,Endosome,
SNX3,Sorting nexin-3,O60493,Endosome,
SNX30,Sorting nexin-30,Q5VWJ9,Endosome,
SNX4,Sorting nexin-4,O95219,Endosome,
SNX5,Sorting nexin-5,Q9Y5X3,Endosome,
SNX6,Sorting nexin-6,Q9UNH7,Endosome,
SNX8,Sorting nexin-8,Q9Y5X2,Endosome,
SORT1,Sortilin,Q99523,Endosome,
STAM,Signal transducing adapter molecule 1,Q92783,Endosome,
STAM2,Signal transducing adapter molecule 2,O75886,Endosome,
STX10,Syntaxin-10,O60499,Endosome,
STX12,Syntaxin-12,Q86Y82,Endosome,
STX16,Syntaxin-16,O14662,Endosome,
STX6,Syntaxin-6,O43752,Endosome,
STX7,Syntaxin-7,O15400,Endosome,
STX8,Syntaxin-8,Q9UNK0,Endosome,
TBC1D5,TBC1 domain family member 5,Q92609,Endosome,
TFRC,Transferrin receptor protein 1,P02786,Endosome,
VAC14,Protein VAC14 homolog,Q08AM6,Endosome,
VAMP7,Vesicle-associated membrane protein 7,P51809,Endosome,
VAMP8,Vesicle-associated membrane protein 8,Q9BV40,Endosome,
VPS11,Vacuolar protein sorting-associated protein 11 homolog,Q9H270,Endosome,
VPS16,Vacuolar protein sorting-associated protein 16 homolog,Q9H269,Endosome,
VPS18,Vacuolar protein sorting-associated protein 18 homolog,Q9P253,Endosome,
VPS26A,Vacuolar protein sorting-associated protein 26A,O75436,Endosome,
VPS26B,Vacuolar protein sorting-associated protein 26B,Q4G0F5,Endosome,
VPS29,Vacuolar protein sorting-associated protein 29,Q9UBQ0,Endosome,
VPS33A,Vacuolar protein sorting-associated protein 33A,Q96AX1,Endosome,
VPS35,Vacuolar protein sorting-associated protein 35,Q96QK1,Endosome,
VPS39,Vam6/Vps39-like protein,Q96JC1,Endosome,
VPS41,Vacuolar protein sorting-associated protein 41 homolog,P49754,Endosome,
VPS45,Vacuolar protein sorting-associated protein 45,Q9NRW7,Endosome,
VTI1A,Vesicle transport through interaction with t-SNAREs homolog 1A,Q96AJ9,Endosome,
VTI1B,Vesicle transport through interaction with t-SNAREs homolog 1B,Q9UEU0,Endosome,
WDFY1,WD repeat and FYVE domain-containing protein 1,Q8IWB7,Endosome,
CALR,Calreticulin,P27797,ER,Lumen
CES3,Carboxylesterase 3,Q6UWW8,ER,Lumen
COL12A1,Collagen alpha-1(XII) chain,Q99715,ER,Lumen
COLGALT1,Procollagen galactosyltransferase 1,Q8NBJ5,ER,Lumen
DNAJB11,DnaJ homolog subfamily B member 11,Q9UBS4,ER,Lumen
DNAJC10,DnaJ homolog subfamily C member 10,Q8IXB1,ER,Lumen
EDEM3,ER degradation-enhancing alpha-mannosidase-like protein 3,Q9BZQ6,ER,Lumen
EOGT,EGF domain-specific O-linked N-acetylglucosamine transferase,Q5NDL2,ER,Lumen
ERLEC1,Endoplasmic reticulum lectin 1,Q96DZ1,ER,Lumen
ERP29,Endoplasmic reticulum resident protein 29,P30040,ER,Lumen
FKBP10,Peptidyl-prolyl cis-trans isomerase FKBP10,Q96AY3,ER,Lumen
FKBP14,Peptidyl-prolyl cis-trans isomerase FKBP14,Q9NWM8,ER,Lumen
FKBP9,Peptidyl-prolyl cis-trans isomerase FKBP9,O95302,ER,Lumen
GANAB,Neutral alpha-glucosidase AB,Q14697,ER,Lumen
HSP90B1,Endoplasmin,P14625,ER,Lumen
HSPA5,78 kDa glucose-regulated protein,P11021,ER,Lumen
HYOU1,Hypoxia up-regulated protein 1,Q9Y4L1,ER,Lumen
KDELC1,KDEL motif-containing protein 1,Q6UW63,ER,Lumen
KDELC2,KDEL motif-containing protein 2,Q7Z4H8,ER,Lumen
LEPRE1,Prolyl 3-hydroxylase 1,Q32P28,ER,Lumen
LEPREL1,Prolyl 3-hydroxylase 2,Q8IVL5,ER,Lumen
LGALS3BP,Galectin-3-binding protein,Q08380,ER,Lumen
MINPP1,Multiple inositol polyphosphate phosphatase 1,Q9UNW1,ER,Lumen
P4HA1,Prolyl 4-hydroxylase subunit alpha-1,P13674,ER,Lumen
P4HA2,Prolyl 4-hydroxylase subunit alpha-2,O15460,ER,Lumen
P4HB,Protein disulfide-isomerase,P07237,ER,Lumen
PDIA3,Protein disulfide-isomerase A3,P30101,ER,Lumen
PDIA4,Protein disulfide-isomerase A4,P13667,ER,Lumen
PDIA5,Protein disulfide-isomerase A5,Q14554,ER,Lumen
PDIA6,Protein disulfide-isomerase A6,Q15084,ER,Lumen
PLOD1,"Procollagen-lysine,2-oxoglutarate 5-dioxygenase 1",Q02809,ER,Lumen
PLOD2,"Procollagen-lysine,2-oxoglutarate 5-dioxygenase 2",O00469,ER,Lumen
PLOD3,"Procollagen-lysine,2-oxoglutarate 5-dioxygenase 3",O60568,ER,Lumen
POFUT1,GDP-fucose protein O-fucosyltransferase 1,Q9H488,ER,Lumen
POGLUT1,Protein O-glucosyltransferase 1,Q8NBL1,ER,Lumen
PPIB,Peptidyl-prolyl cis-trans isomerase B,P23284,ER,Lumen
PXDN,Peroxidasin homolog,Q92626,ER,Lumen
RCN2,Reticulocalbin-2,Q14257,ER,Lumen
RCN3,Reticulocalbin-3,Q96D15,ER,Lumen
SDF2L1,Stromal cell-derived factor 2-like protein 1,Q9HCN8,ER,Lumen
42628,15 kDa selenoprotein,O60613,ER,Lumen
SERPINH1,Serpin H1,P50454,ER,Lumen
SIL1,Nucleotide exchange factor SIL1,Q9H173,ER,Lumen
SUMF2,Sulfatase-modifying factor 2,Q8NBJ7,ER,Lumen
TOR1B,Torsin-1B,O14657,ER,Lumen
TOR3A,Torsin-3A,Q9H497,ER,Lumen
TXNDC12,Thioredoxin domain-containing protein 12,O95881,ER,Lumen
TXNDC5,Thioredoxin domain-containing protein 5,Q8NBS9,ER,Lumen
UGGT1,UDP-glucose:glycoprotein glucosyltransferase 1,Q9NYU2,ER,Lumen
ALDH3A2,Fatty aldehyde dehydrogenase,P51648,ER,Membrane
ASPH,Aspartyl/asparaginyl beta-hydroxylase,Q12797,ER,Membrane
ATF6,Cyclic AMP-dependent transcription factor ATF-6 alpha,P18850,ER,Membrane
ATP13A1,Manganese-transporting ATPase 13A1,Q9HD20,ER,Membrane
ATP2A2,Sarcoplasmic/endoplasmic reticulum calcium ATPase 2,P16615,ER,Membrane
B3GALTL,"Beta-1,3-glucosyltransferase",Q6Y288,ER,Membrane
BCAP29,B-cell receptor-associated protein 29,Q9UHQ4,ER,Membrane
CANX,Calnexin,P27824,ER,Membrane
DDOST,Dolichyl-diphosphooligosaccharide--protein glycosyltransferase 48 kDa subunit,P39656,ER,Membrane
EPHX1,Epoxide hydrolase 1,P07099,ER,Membrane
ERLIN1,Erlin-1,O75477,ER,Membrane
ERLIN2,Erlin-2,O94905,ER,Membrane
ERMP1,Endoplasmic reticulum metallopeptidase 1,Q7Z2K6,ER,Membrane
FDFT1,Squalene synthase,P37268,ER,Membrane
GPX8,Probable glutathione peroxidase 8,Q8TED1,ER,Membrane
HACD2,Very-long-chain (3R)-3-hydroxyacyl-CoA dehydratase 2,Q6Y1H2,ER,Membrane
HACD3,Very-long-chain (3R)-3-hydroxyacyl-CoA dehydratase 3,Q9P035,ER,Membrane
HM13,Minor histocompatibility antigen H13,Q8TCT9,ER,Membrane
HSD17B12,Very-long-chain 3-oxoacyl-CoA reductase,Q53GQ0,ER,Membrane
ITPR1,"Inositol 1,4,5-trisphosphate receptor type 1",Q14643,ER,Membrane
ITPR2,"Inositol 1,4,5-trisphosphate receptor type 2",Q14571,ER,Membrane
ITPR3,"Inositol 1,4,5-trisphosphate receptor type 3",Q14573,ER,Membrane
LCLAT1,Lysocardiolipin acyltransferase 1,Q6UWP7,ER,Membrane
LRPAP1,Alpha-2-macroglobulin receptor-associated protein,P30533,ER,Membrane
LSS,Lanosterol synthase,P48449,ER,Membrane
MIA3,Melanoma inhibitory activity protein 3,Q5JRA6,ER,Membrane
MLEC,Malectin,Q14165,ER,Membrane
MOGS,Mannosyl-oligosaccharide glucosidase,Q13724,ER,Membrane
NBAS,Neuroblastoma-amplified sequence,A2RRP1,ER,Membrane
NCLN,Nicalin,Q969V3,ER,Membrane
OSTC,Oligosaccharyltransferase complex subunit OSTC,Q9NRP0,ER,Membrane
PGRMC1,Membrane-associated progesterone receptor component 1,O00264,ER,Membrane
PIGK,GPI-anchor transamidase,Q92643,ER,Membrane
PIGO,GPI ethanolamine phosphate transferase 3,Q8TEQ8,ER,Membrane
PIGS,GPI transamidase component PIG-S,Q96S52,ER,Membrane
PIGT,GPI transamidase component PIG-T,Q969N2,ER,Membrane
PIGU,Phosphatidylinositol glycan anchor biosynthesis class U protein,Q9H490,ER,Membrane
POR,NADPH--cytochrome P450 reductase,P16435,ER,Membrane
RDH11,Retinol dehydrogenase 11,Q8TC12,ER,Membrane
RETSAT,"All-trans-retinol 13,14-reductase",Q6NUM9,ER,Membrane
RPN1,Dolichyl-diphosphooligosaccharide--protein glycosyltransferase subunit 1,P04843,ER,Membrane
RPN2,Dolichyl-diphosphooligosaccharide--protein glycosyltransferase subunit 2,P04844,ER,Membrane
RRBP1,Ribosome-binding protein 1,Q9P2E9,ER,Membrane
SACM1L,Phosphatidylinositide phosphatase SAC1,Q9NTJ5,ER,Membrane
SCD,Acyl-CoA desaturase,O00767,ER,Membrane
SEC11A,Signal peptidase complex catalytic subunit SEC11A,P67812,ER,Membrane
SEC61A1,Protein transport protein Sec61 subunit alpha isoform 1,P61619,ER,Membrane
SEC61B,Protein transport protein Sec61 subunit beta,P60468,ER,Membrane
SEC61G,Protein transport protein Sec61 subunit gamma,P60059,ER,Membrane
SEC62,Translocation protein SEC62,Q99442,ER,Membrane
SEC63,Translocation protein SEC63 homolog,Q9UGP8,ER,Membrane
SEL1L,Protein sel-1 homolog 1,Q9UBV2,ER,Membrane
SLC27A2,Very long-chain acyl-CoA synthetase,O14975,ER,Membrane
SLMAP,Sarcolemmal membrane-associated protein,Q14BN4,ER,Membrane
SOAT1,Sterol O-acyltransferase 1,P35610,ER,Membrane
SPCS2,Signal peptidase complex subunit 2,Q15005,ER,Membrane
SPTLC1,Serine palmitoyltransferase 1,O15269,ER,Membrane
SPTLC2,Serine palmitoyltransferase 2,O15270,ER,Membrane
SRP54,Signal recognition particle 54 kDa protein,P61011,ER,Membrane
SRP68,Signal recognition particle subunit SRP68,Q9UHB9,ER,Membrane
SRP72,Signal recognition particle subunit SRP72,O76094,ER,Membrane
SRPR,Signal recognition particle receptor subunit alpha,P08240,ER,Membrane
SRPRB,Signal recognition particle receptor subunit beta,Q9Y5M8,ER,Membrane
SSR4,Translocon-associated protein subunit delta,P51571,ER,Membrane
STT3A,Dolichyl-diphosphooligosaccharide--protein glycosyltransferase subunit STT3A,P46977,ER,Membrane
STT3B,Dolichyl-diphosphooligosaccharide--protein glycosyltransferase subunit STT3B,Q8TCJ2,ER,Membrane
TAP1,Antigen peptide transporter 1,Q03518,ER,Membrane
TAP2,Antigen peptide transporter 2,Q03519,ER,Membrane
TAPBP,Tapasin,O15533,ER,Membrane
TECR,Very-long-chain enoyl-CoA reductase,Q9NZ01,ER,Membrane
TMBIM6,Bax inhibitor 1,P55061,ER,Membrane
TMEM33,Transmembrane protein 33,P57088,ER,Membrane
TMX3,Protein disulfide-isomerase TMX3,Q96JJ7,ER,Membrane
TOR1AIP2,Torsin-1A-interacting protein 2,Q8NFQ8,ER,Membrane
TRAM1,Translocating chain-associated membrane protein 1,Q15629,ER,Membrane
UBXN4,UBX domain-containing protein 4,Q92575,ER,Membrane
VAPA,Vesicle-associated membrane protein-associated protein A,Q9P0L0,ER,Membrane
VAPB,Vesicle-associated membrane protein-associated protein B/C,O95292,ER,Membrane
ATL2,Atlastin-2,Q8NHH9,ER_high_curvature,
ATL3,Atlastin-3,Q6DD88,ER_high_curvature,
REEP3,Receptor expression-enhancing protein 3,Q6NUK4,ER_high_curvature,
REEP4,Receptor expression-enhancing protein 4,Q9H6H4,ER_high_curvature,
REEP5,Receptor expression-enhancing protein 5,Q00765,ER_high_curvature,
REEP6,Receptor expression-enhancing protein 6,Q96HR9,ER_high_curvature,
RTN1,Reticulon-1,Q16799,ER_high_curvature,
RTN2,Reticulon-2,O75298,ER_high_curvature,
RTN3,Reticulon-3,O95197,ER_high_curvature,
RTN4,Reticulon-4,Q9NQC3,ER_high_curvature,
SEC22B,Vesicle-trafficking protein SEC22b,O75396,ER_high_curvature,
BET1,BET1 homolog,O15155,Ergic/cisGolgi,
ERGIC1,Endoplasmic reticulum-Golgi intermediate compartment protein 1,Q969X5,Ergic/cisGolgi,
ERGIC2,Endoplasmic reticulum-Golgi intermediate compartment protein 2,Q96RQ1,Ergic/cisGolgi,
ERGIC3,Endoplasmic reticulum-Golgi intermediate compartment protein 3,Q9Y282,Ergic/cisGolgi,
ERP44,Endoplasmic reticulum resident protein 44,Q9BS26,Ergic/cisGolgi,
GOLT1B,Vesicle transport protein GOT1B,Q9Y3E0,Ergic/cisGolgi,
GOSR2,Golgi SNAP receptor complex member 2,O14653,Ergic/cisGolgi,
KDELR1,ER lumen protein-retaining receptor 1,P24390,Ergic/cisGolgi,
LMAN1,Protein ERGIC-53,P49257,Ergic/cisGolgi,
LMAN2,Vesicular integral-membrane protein VIP36,Q12907,Ergic/cisGolgi,
LMAN2L,VIP36-like protein,Q9H0V9,Ergic/cisGolgi,
MCFD2,Multiple coagulation factor deficiency protein 2,Q8NI22,Ergic/cisGolgi,
RAB2A,Ras-related protein Rab-2A,P61019,Ergic/cisGolgi,
RAB2B,Ras-related protein Rab-2B,Q8WUD1,Ergic/cisGolgi,
RER1,Protein RER1,O15258,Ergic/cisGolgi,
STX5,Syntaxin-5,Q13190,Ergic/cisGolgi,
SURF4,Surfeit locus protein 4,O15260,Ergic/cisGolgi,
TMED1,Transmembrane emp24 domain-containing protein 1,Q13445,Ergic/cisGolgi,
TMED10,Transmembrane emp24 domain-containing protein 10,P49755,Ergic/cisGolgi,
TMED2,Transmembrane emp24 domain-containing protein 2,Q15363,Ergic/cisGolgi,
TMED3,Transmembrane emp24 domain-containing protein 3,Q9Y3Q3,Ergic/cisGolgi,
TMED4,Transmembrane emp24 domain-containing protein 4,Q7Z7H5,Ergic/cisGolgi,
TMED5,Transmembrane emp24 domain-containing protein 5,Q9Y3A6,Ergic/cisGolgi,
TMED7,Transmembrane emp24 domain-containing protein 7,Q9Y3B3,Ergic/cisGolgi,
TMED9,Transmembrane emp24 domain-containing protein 9,Q9BVK6,Ergic/cisGolgi,
YIPF5,Protein YIPF5,Q969M3,Ergic/cisGolgi,
ARF1,ADP-ribosylation factor 1,P84077,Golgi,
ARL1,ADP-ribosylation factor-like protein 1,P40616,Golgi,
ATP2C1,Calcium-transporting ATPase type 2C member 1,P98194,Golgi,
B3GAT3,Galactosylgalactosylxylosylprotein 3-beta-glucuronosyltransferase 3,O94766,Golgi,
B4GALT1,"Beta-1,4-galactosyltransferase 1",P15291,Golgi,
B4GALT4,"Beta-1,4-galactosyltransferase 4",O60513,Golgi,
B4GALT5,"Beta-1,4-galactosyltransferase 5",O43286,Golgi,
COG2,Conserved oligomeric Golgi complex subunit 2,Q14746,Golgi,
COG4,Conserved oligomeric Golgi complex subunit 4,Q9H9E3,Golgi,
COG5,Conserved oligomeric Golgi complex subunit 5,Q9UP83,Golgi,
FAM20B,Glycosaminoglycan xylosylkinase,O75063,Golgi,
GALNT1,Polypeptide N-acetylgalactosaminyltransferase 1,Q10472,Golgi,
GALNT2,Polypeptide N-acetylgalactosaminyltransferase 2,Q10471,Golgi,
GALNT6,Polypeptide N-acetylgalactosaminyltransferase 6,Q8NCL4,Golgi,
GALNT7,N-acetylgalactosaminyltransferase 7,Q86SF2,Golgi,
GCC2,GRIP and coiled-coil domain-containing protein 2,Q8IWJ2,Golgi,
GLG1,Golgi apparatus protein 1,Q92896,Golgi,
GOLGA2,Golgin subfamily A member 2,Q08379,Golgi,
GOLGA3,Golgin subfamily A member 3,Q08378,Golgi,
GOLGA4,Golgin subfamily A member 4,Q13439,Golgi,
GOLGA5,Golgin subfamily A member 5,Q8TBA6,Golgi,
GOLGB1,Golgin subfamily B member 1,Q14789,Golgi,
GOLIM4,Golgi integral membrane protein 4,O00461,Golgi,
GOLM1,Golgi membrane protein 1,Q8NBJ4,Golgi,
GORASP2,Golgi reassembly-stacking protein 2,Q9H8Y8,Golgi,
GOSR1,Golgi SNAP receptor complex member 1,O95249,Golgi,
HS2ST1,Heparan sulfate 2-O-sulfotransferase 1,Q7LGA3,Golgi,
MAN2A1,Alpha-mannosidase 2,Q16706,Golgi,
MGAT2,"Alpha-1,6-mannosyl-glycoprotein 2-beta-N-acetylglucosaminyltransferase",Q10469,Golgi,
SDF4,45 kDa calcium-binding protein,Q9BRK5,Golgi,
SLC35B2,Adenosine 3-phospho 5-phosphosulfate transporter 1,Q8TB61,Golgi,
TRIP11,Thyroid receptor-interacting protein 11,Q15643,Golgi,
UXS1,UDP-glucuronic acid decarboxylase 1,Q8NBZ7,Golgi,
AGL,Glycogen debranching enzyme,P35573,Large Protein Complex,
AIMP1,Aminoacyl tRNA synthase complex-interacting multifunctional protein 1,Q12904,Large Protein Complex,
AIMP2,Aminoacyl tRNA synthase complex-interacting multifunctional protein 2,Q13155,Large Protein Complex,
AP1B1,AP-1 complex subunit beta-1,Q10567,Large Protein Complex,
AP1G1,AP-1 complex subunit gamma-1,O43747,Large Protein Complex,
AP1M1,AP-1 complex subunit mu-1,Q9BXS5,Large Protein Complex,
AP1S1,AP-1 complex subunit sigma-1A,P61966,Large Protein Complex,
ARCN1,Coatomer subunit delta,P48444,Large Protein Complex,
ARPC1A,Actin-related protein 2/3 complex subunit 1A,Q92747,Large Protein Complex,
ARPC1B,Actin-related protein 2/3 complex subunit 1B,O15143,Large Protein Complex,
ARPC2,Actin-related protein 2/3 complex subunit 2,O15144,Large Protein Complex,
ARPC3,Actin-related protein 2/3 complex subunit 3,O15145,Large Protein Complex,
ARPC4,Actin-related protein 2/3 complex subunit 4,P59998,Large Protein Complex,
ARPC5,Actin-related protein 2/3 complex subunit 5,O15511,Large Protein Complex,
ARPC5L,Actin-related protein 2/3 complex subunit 5-like protein,Q9BPX5,Large Protein Complex,
CCT2,T-complex protein 1 subunit beta,P78371,Large Protein Complex,
CCT3,T-complex protein 1 subunit gamma,P49368,Large Protein Complex,
CCT4,T-complex protein 1 subunit delta,P50991,Large Protein Complex,
CCT5,T-complex protein 1 subunit epsilon,P48643,Large Protein Complex,
CCT6A,T-complex protein 1 subunit zeta,P40227,Large Protein Complex,
CCT7,T-complex protein 1 subunit eta,Q99832,Large Protein Complex,
CCT8,T-complex protein 1 subunit theta,P50990,Large Protein Complex,
CLTA,Clathrin light chain A,P09496,Large Protein Complex,
CLTB,Clathrin light chain B,P09497,Large Protein Complex,
CLTC,Clathrin heavy chain 1,Q00610,Large Protein Complex,
CNOT1,CCR4-NOT transcription complex subunit 1,A5YKK6,Large Protein Complex,
CNOT10,CCR4-NOT transcription complex subunit 10,Q9H9A5,Large Protein Complex,
CNOT11,CCR4-NOT transcription complex subunit 11,Q9UKZ1,Large Protein Complex,
CNOT2,CCR4-NOT transcription complex subunit 2,Q9NZN8,Large Protein Complex,
CNOT3,CCR4-NOT transcription complex subunit 3,O75175,Large Protein Complex,
CNOT6L,CCR4-NOT transcription complex subunit 6-like,Q96LI5,Large Protein Complex,
CNOT7,CCR4-NOT transcription complex subunit 7,Q9UIV1,Large Protein Complex,
CNOT8,CCR4-NOT transcription complex subunit 8,Q9UFF9,Large Protein Complex,
COPA,Coatomer subunit alpha,P53621,Large Protein Complex,
COPB1,Coatomer subunit beta,P53618,Large Protein Complex,
COPB2,Coatomer subunit beta,P35606,Large Protein Complex,
COPE,Coatomer subunit epsilon,O14579,Large Protein Complex,
COPG1,Coatomer subunit gamma-1,Q9Y678,Large Protein Complex,
COPG2,Coatomer subunit gamma-2,Q9UBF2,Large Protein Complex,
COPS2,COP9 signalosome complex subunit 2,P61201,Large Protein Complex,
COPS3,COP9 signalosome complex subunit 3,Q9UNS2,Large Protein Complex,
COPS4,COP9 signalosome complex subunit 4,Q9BT78,Large Protein Complex,
COPS5,COP9 signalosome complex subunit 5,Q92905,Large Protein Complex,
COPS6,COP9 signalosome complex subunit 6,Q7L5N1,Large Protein Complex,
COPS7A,COP9 signalosome complex subunit 7a,Q9UBW8,Large Protein Complex,
COPZ1,Coatomer subunit zeta-1,P61923,Large Protein Complex,
CSNK2A1,Casein kinase II subunit alpha,P68400,Large Protein Complex,
CSNK2A2,Casein kinase II subunit alpha,P19784,Large Protein Complex,
CSNK2B,Casein kinase II subunit beta,P67870,Large Protein Complex,
DARS,"Aspartate--tRNA ligase, cytoplasmic",P14868,Large Protein Complex,
DYNC1H1,Cytoplasmic dynein 1 heavy chain 1,Q14204,Large Protein Complex,
DYNC1I2,Cytoplasmic dynein 1 intermediate chain 2,Q13409,Large Protein Complex,
DYNC1LI1,Cytoplasmic dynein 1 light intermediate chain 1,Q9Y6G9,Large Protein Complex,
DYNC1LI2,Cytoplasmic dynein 1 light intermediate chain 2,O43237,Large Protein Complex,
DYNLT3,Dynein light chain Tctex-type 3,P51808,Large Protein Complex,
EEF1A1,Elongation factor 1-alpha 1,P68104,Large Protein Complex,
EEF1B2,Elongation factor 1-beta,P24534,Large Protein Complex,
EEF1D,Elongation factor 1-delta,P29692,Large Protein Complex,
EEF1G,Elongation factor 1-gamma,P26641,Large Protein Complex,
EEF2,Elongation factor 2,P13639,Large Protein Complex,
EIF2A,Eukaryotic translation initiation factor 2A,Q9BY44,Large Protein Complex,
EIF2AK2,"Interferon-induced, double-stranded RNA-activated protein kinase",P19525,Large Protein Complex,
EIF2AK4,Eukaryotic translation initiation factor 2-alpha kinase 4,Q9P2K8,Large Protein Complex,
EIF2B1,Translation initiation factor eIF-2B subunit alpha,Q14232,Large Protein Complex,
EIF2B2,Translation initiation factor eIF-2B subunit beta,P49770,Large Protein Complex,
EIF2B3,Translation initiation factor eIF-2B subunit gamma,Q9NR50,Large Protein Complex,
EIF2B4,Translation initiation factor eIF-2B subunit delta,Q9UI10,Large Protein Complex,
EIF2B5,Translation initiation factor eIF-2B subunit epsilon,Q13144,Large Protein Complex,
EIF3A,Eukaryotic translation initiation factor 3 subunit A,Q14152,Large Protein Complex,
EIF3B,Eukaryotic translation initiation factor 3 subunit B,P55884,Large Protein Complex,
EIF3C,Eukaryotic translation initiation factor 3 subunit C,Q99613,Large Protein Complex,
EIF3D,Eukaryotic translation initiation factor 3 subunit D,O15371,Large Protein Complex,
EIF3E,Eukaryotic translation initiation factor 3 subunit E,P60228,Large Protein Complex,
EIF3F,Eukaryotic translation initiation factor 3 subunit F,O00303,Large Protein Complex,
EIF3G,Eukaryotic translation initiation factor 3 subunit G,O75821,Large Protein Complex,
EIF3H,Eukaryotic translation initiation factor 3 subunit H,O15372,Large Protein Complex,
EIF3I,Eukaryotic translation initiation factor 3 subunit I,Q13347,Large Protein Complex,
EIF3K,Eukaryotic translation initiation factor 3 subunit K,Q9UBQ5,Large Protein Complex,
EIF3L,Eukaryotic translation initiation factor 3 subunit L,Q9Y262,Large Protein Complex,
EIF3M,Eukaryotic translation initiation factor 3 subunit M,Q7L2H7,Large Protein Complex,
EIF4A1,Eukaryotic initiation factor 4A-I,P60842,Large Protein Complex,
EIF4A2,Eukaryotic initiation factor 4A-II,Q14240,Large Protein Complex,
EIF4A3,Eukaryotic initiation factor 4A-III,P38919,Large Protein Complex,
EIF4B,Eukaryotic translation initiation factor 4B,P23588,Large Protein Complex,
EIF4E,Eukaryotic translation initiation factor 4E,P06730,Large Protein Complex,
EIF4E2,Eukaryotic translation initiation factor 4E type 2,O60573,Large Protein Complex,
EIF4ENIF1,Eukaryotic translation initiation factor 4E transporter,Q9NRA8,Large Protein Complex,
EIF4G1,Eukaryotic translation initiation factor 4 gamma 1 (eIF-4-gamma 1) (eIF-4G 1) (eIF-4G1) (p220),Q04637,Large Protein Complex,
EIF4G2,Eukaryotic translation initiation factor 4 gamma 2,P78344,Large Protein Complex,
EIF4G3,Eukaryotic translation initiation factor 4 gamma 3,O43432,Large Protein Complex,
EIF4H,Eukaryotic translation initiation factor 4H,Q15056,Large Protein Complex,
EPRS,Bifunctional glutamate/proline--tRNA ligase,P07814,Large Protein Complex,
EXOC1,Exocyst complex component 1,Q9NV70,Large Protein Complex,
EXOC2,Exocyst complex component 2,Q96KP1,Large Protein Complex,
EXOC3,Exocyst complex component 3,O60645,Large Protein Complex,
EXOC4,Exocyst complex component 4,Q96A65,Large Protein Complex,
EXOC5,Exocyst complex component 5,O00471,Large Protein Complex,
EXOC6,Exocyst complex component 6,Q8TAG9,Large Protein Complex,
EXOC6B,Exocyst complex component 6B,Q9Y2D4,Large Protein Complex,
EXOC7,Exocyst complex component 7,Q9UPT5,Large Protein Complex,
EXOC8,Exocyst complex component 8,Q8IYI6,Large Protein Complex,
EXOSC10,Exosome component 10,Q01780,Large Protein Complex,
EXOSC2,Exosome complex component RRP4,Q13868,Large Protein Complex,
EXOSC4,Exosome complex component RRP41,Q9NPD3,Large Protein Complex,
EXOSC5,Exosome complex component RRP46,Q9NQT4,Large Protein Complex,
EXOSC6,Exosome complex component MTR3,Q5RKV6,Large Protein Complex,
EXOSC7,Exosome complex component RRP42,Q15024,Large Protein Complex,
EXOSC8,Exosome complex component RRP43,Q96B26,Large Protein Complex,
EXOSC9,Exosome complex component RRP45,Q06265,Large Protein Complex,
GYS1,"Glycogen [starch] synthase, muscle",P13807,Large Protein Complex,
HIST1H1B,Histone H1.5,P16401,Large Protein Complex,
HIST1H1C,Histone H1.2,P16403,Large Protein Complex,
HIST1H1E,Histone H1.4,P10412,Large Protein Complex,
HIST1H4A,Histone H4,P62805,Large Protein Complex,
HIST2H2AA3,Histone H2A type 2-A,Q6FI13,Large Protein Complex,
HIST2H3A,Histone H3.2,Q71DI3,Large Protein Complex,
HNRNPA0,Heterogeneous nuclear ribonucleoprotein A0,Q13151,Large Protein Complex,
HNRNPA1,Heterogeneous nuclear ribonucleoprotein A1,P09651,Large Protein Complex,
HNRNPA2B1,Heterogeneous nuclear ribonucleoproteins A2/B1,P22626,Large Protein Complex,
HNRNPA3,Heterogeneous nuclear ribonucleoprotein A3,P51991,Large Protein Complex,
HNRNPAB,Heterogeneous nuclear ribonucleoprotein A/B,Q99729,Large Protein Complex,
HNRNPC,Heterogeneous nuclear ribonucleoproteins C1/C2,P07910,Large Protein Complex,
HNRNPD,Heterogeneous nuclear ribonucleoprotein D0,Q14103,Large Protein Complex,
HNRNPDL,Heterogeneous nuclear ribonucleoprotein D-like,O14979,Large Protein Complex,
HNRNPF,Heterogeneous nuclear ribonucleoprotein F,P52597,Large Protein Complex,
HNRNPH1,Heterogeneous nuclear ribonucleoprotein H,P31943,Large Protein Complex,
HNRNPH2,Heterogeneous nuclear ribonucleoprotein H2,P55795,Large Protein Complex,
HNRNPH3,Heterogeneous nuclear ribonucleoprotein H3,P31942,Large Protein Complex,
HNRNPK,Heterogeneous nuclear ribonucleoprotein K,P61978,Large Protein Complex,
HNRNPL,Heterogeneous nuclear ribonucleoprotein L,P14866,Large Protein Complex,
HNRNPLL,Heterogeneous nuclear ribonucleoprotein L-like,Q8WVV9,Large Protein Complex,
HNRNPM,Heterogeneous nuclear ribonucleoprotein M,P52272,Large Protein Complex,
HNRNPR,Heterogeneous nuclear ribonucleoprotein R,O43390,Large Protein Complex,
HNRNPU,Heterogeneous nuclear ribonucleoprotein U,Q00839,Large Protein Complex,
HNRNPUL1,Heterogeneous nuclear ribonucleoprotein U-like protein 1,Q9BUJ2,Large Protein Complex,
HNRNPUL2,Heterogeneous nuclear ribonucleoprotein U-like protein 2,Q1KMD3,Large Protein Complex,
IARS,"Isoleucine--tRNA ligase, cytoplasmic",P41252,Large Protein Complex,
KARS,Lysine--tRNA ligase,Q15046,Large Protein Complex,
LARS,"Leucine--tRNA ligase, cytoplasmic",Q9P2J5,Large Protein Complex,
MARS,"Methionine--tRNA ligase, cytoplasmic",P56192,Large Protein Complex,
NELFA,Negative elongation factor A,Q9H3P2,Large Protein Complex,
NELFB,Negative elongation factor B,Q8WX92,Large Protein Complex,
NELFCD,Negative elongation factor C/D,Q8IXH7,Large Protein Complex,
NELFE,Negative elongation factor E,P18615,Large Protein Complex,
PFDN1,Prefoldin subunit 1,O60925,Large Protein Complex,
PFDN2,Prefoldin subunit 2,Q9UHV9,Large Protein Complex,
PFDN5,Prefoldin subunit 5,Q99471,Large Protein Complex,
PFDN6,Prefoldin subunit 6,O15212,Large Protein Complex,
PPP2CB,Serine/threonine-protein phosphatase 2A catalytic subunit beta isoform,P62714,Large Protein Complex,
PPP2R1A,Serine/threonine-protein phosphatase 2A 65 kDa regulatory subunit A alpha isoform,P30153,Large Protein Complex,
PPP2R1B,Serine/threonine-protein phosphatase 2A 65 kDa regulatory subunit A beta isoform,P30154,Large Protein Complex,
PPP2R5D,Serine/threonine-protein phosphatase 2A 56 kDa regulatory subunit delta isoform,Q14738,Large Protein Complex,
PSMA1,Proteasome subunit alpha type-1,P25786,Large Protein Complex,
PSMA2,Proteasome subunit alpha type-2,P25787,Large Protein Complex,
PSMA3,Proteasome subunit alpha type-3,P25788,Large Protein Complex,
PSMA4,Proteasome subunit alpha type-4,P25789,Large Protein Complex,
PSMA5,Proteasome subunit alpha type-5,P28066,Large Protein Complex,
PSMA6,Proteasome subunit alpha type-6,P60900,Large Protein Complex,
PSMA7,Proteasome subunit alpha type-7,O14818,Large Protein Complex,
PSMB1,Proteasome subunit beta type-1,P20618,Large Protein Complex,
PSMB3,Proteasome subunit beta type-3,P49720,Large Protein Complex,
PSMB5,Proteasome subunit beta type-5,P28074,Large Protein Complex,
PSMB6,Proteasome subunit beta type-6,P28072,Large Protein Complex,
PSMC1,26S protease regulatory subunit 4,P62191,Large Protein Complex,
PSMC2,26S protease regulatory subunit 7,P35998,Large Protein Complex,
PSMC4,26S protease regulatory subunit 6B,P43686,Large Protein Complex,
PSMC5,26S protease regulatory subunit 8,P62195,Large Protein Complex,
PSMC6,26S protease regulatory subunit 10B,P62333,Large Protein Complex,
PSMD1,26S proteasome non-ATPase regulatory subunit 1,Q99460,Large Protein Complex,
PSMD11,26S proteasome non-ATPase regulatory subunit 11,O00231,Large Protein Complex,
PSMD12,26S proteasome non-ATPase regulatory subunit 12,O00232,Large Protein Complex,
PSMD13,26S proteasome non-ATPase regulatory subunit 13,Q9UNM6,Large Protein Complex,
PSMD14,26S proteasome non-ATPase regulatory subunit 14,O00487,Large Protein Complex,
PSMD2,26S proteasome non-ATPase regulatory subunit 2,Q13200,Large Protein Complex,
PSMD3,26S proteasome non-ATPase regulatory subunit 3,O43242,Large Protein Complex,
PSMD4,26S proteasome non-ATPase regulatory subunit 4,P55036,Large Protein Complex,
PSMD6,26S proteasome non-ATPase regulatory subunit 6,Q15008,Large Protein Complex,
PSMD8,26S proteasome non-ATPase regulatory subunit 8,P48556,Large Protein Complex,
PYGB,"Glycogen phosphorylase, brain form",P11216,Large Protein Complex,
PYGL,"Glycogen phosphorylase, liver form",P06737,Large Protein Complex,
RARS,"Arginine--tRNA ligase, cytoplasmic",P54136,Large Protein Complex,
RFC2,Replication factor C subunit 2,P35250,Large Protein Complex,
RFC3,Replication factor C subunit 3,P40938,Large Protein Complex,
RFC4,Replication factor C subunit 4,P35249,Large Protein Complex,
RFC5,Replication factor C subunit 5,P40937,Large Protein Complex,
RPL10A,60S ribosomal protein L10a,P62906,Large Protein Complex,
RPL11,60S ribosomal protein L11,P62913,Large Protein Complex,
RPL12,60S ribosomal protein L12,P30050,Large Protein Complex,
RPL13,60S ribosomal protein L13,P26373,Large Protein Complex,
RPL14,60S ribosomal protein L14,P50914,Large Protein Complex,
RPL15,60S ribosomal protein L15,P61313,Large Protein Complex,
RPL17,60S ribosomal protein L17,P18621,Large Protein Complex,
RPL18,60S ribosomal protein L18,Q07020,Large Protein Complex,
RPL18A,60S ribosomal protein L18a,Q02543,Large Protein Complex,
RPL19,60S ribosomal protein L19,P84098,Large Protein Complex,
RPL21,60S ribosomal protein L21,P46778,Large Protein Complex,
RPL23,60S ribosomal protein L23,P62829,Large Protein Complex,
RPL23A,60S ribosomal protein L23a,P62750,Large Protein Complex,
RPL24,60S ribosomal protein L24,P83731,Large Protein Complex,
RPL27,60S ribosomal protein L27,P61353,Large Protein Complex,
RPL27A,60S ribosomal protein L27a,P46776,Large Protein Complex,
RPL28,60S ribosomal protein L28,P46779,Large Protein Complex,
RPL29,60S ribosomal protein L29,P47914,Large Protein Complex,
RPL3,60S ribosomal protein L3,P39023,Large Protein Complex,
RPL30,60S ribosomal protein L30,P62888,Large Protein Complex,
RPL31,60S ribosomal protein L31,P62899,Large Protein Complex,
RPL32,60S ribosomal protein L32,P62910,Large Protein Complex,
RPL35,60S ribosomal protein L35,P42766,Large Protein Complex,
RPL35A,60S ribosomal protein L35a,P18077,Large Protein Complex,
RPL36,60S ribosomal protein L36,Q9Y3U8,Large Protein Complex,
RPL37A,60S ribosomal protein L37a,P61513,Large Protein Complex,
RPL4,60S ribosomal protein L4,P36578,Large Protein Complex,
RPL5,60S ribosomal protein L5,P46777,Large Protein Complex,
RPL6,60S ribosomal protein L6,Q02878,Large Protein Complex,
RPL7,60S ribosomal protein L7,P18124,Large Protein Complex,
RPL7A,60S ribosomal protein L7a,P62424,Large Protein Complex,
RPL8,60S ribosomal protein L8,P62917,Large Protein Complex,
RPL9,60S ribosomal protein L9,P32969,Large Protein Complex,
RPLP0,60S acidic ribosomal protein P0,P05388,Large Protein Complex,
RPLP2,60S acidic ribosomal protein P2,P05387,Large Protein Complex,
RPS11,40S ribosomal protein S11,P62280,Large Protein Complex,
RPS12,40S ribosomal protein S12,P25398,Large Protein Complex,
RPS13,40S ribosomal protein S13,P62277,Large Protein Complex,
RPS14,40S ribosomal protein S14,P62263,Large Protein Complex,
RPS15,40S ribosomal protein S15,P62841,Large Protein Complex,
RPS16,40S ribosomal protein S16,P62249,Large Protein Complex,
RPS17,40S ribosomal protein S17,P08708,Large Protein Complex,
RPS18,40S ribosomal protein S18,P62269,Large Protein Complex,
RPS19,40S ribosomal protein S19,P39019,Large Protein Complex,
RPS2,40S ribosomal protein S2,P15880,Large Protein Complex,
RPS20,40S ribosomal protein S20,P60866,Large Protein Complex,
RPS21,40S ribosomal protein S21,P63220,Large Protein Complex,
RPS23,40S ribosomal protein S23,P62266,Large Protein Complex,
RPS24,40S ribosomal protein S24,P62847,Large Protein Complex,
RPS25,40S ribosomal protein S25,P62851,Large Protein Complex,
RPS26,40S ribosomal protein S26,P62854,Large Protein Complex,
RPS27L,40S ribosomal protein S27-like,Q71UM5,Large Protein Complex,
RPS28,40S ribosomal protein S28,P62857,Large Protein Complex,
RPS3,40S ribosomal protein S3,P23396,Large Protein Complex,
RPS3A,40S ribosomal protein S3a,P61247,Large Protein Complex,
RPS5,40S ribosomal protein S5,P46782,Large Protein Complex,
RPS6,40S ribosomal protein S6,P62753,Large Protein Complex,
RPS7,40S ribosomal protein S7,P62081,Large Protein Complex,
RPS8,40S ribosomal protein S8,P62241,Large Protein Complex,
RPS9,40S ribosomal protein S9,P46781,Large Protein Complex,
SEC13,Protein SEC13 homolog,P55735,Large Protein Complex,
SEC23A,Protein transport protein Sec23A,Q15436,Large Protein Complex,
SEC23B,Protein transport protein Sec23B,Q15437,Large Protein Complex,
SEC24A,Protein transport protein Sec24A,O95486,Large Protein Complex,
SEC24B,Protein transport protein Sec24B,O95487,Large Protein Complex,
SEC24C,Protein transport protein Sec24C,P53992,Large Protein Complex,
SEC24D,Protein transport protein Sec24D,O94855,Large Protein Complex,
SEC31A,Protein transport protein Sec31A,O94979,Large Protein Complex,
42623,Septin-10,Q9P0V9,Large Protein Complex,
42624,Septin-11,Q9NVA2,Large Protein Complex,
42615,Septin-2,Q15019,Large Protein Complex,
42619,Septin-6,Q14141,Large Protein Complex,
42620,Septin-7,Q16181,Large Protein Complex,
42621,Septin-8,Q92599,Large Protein Complex,
42622,Septin-9,Q9UHD8,Large Protein Complex,
SF3A1,Splicing factor 3A subunit 1,Q15459,Large Protein Complex,
SF3A2,Splicing factor 3A subunit 2,Q15428,Large Protein Complex,
SF3A3,Splicing factor 3A subunit 3,Q12874,Large Protein Complex,
SF3B1,Splicing factor 3B subunit 1,O75533,Large Protein Complex,
SF3B2,Splicing factor 3B subunit 2,Q13435,Large Protein Complex,
SF3B3,Splicing factor 3B subunit 3,Q15393,Large Protein Complex,
SF3B4,Splicing factor 3B subunit 4,Q15427,Large Protein Complex,
SF3B5,Splicing factor 3B subunit 5,Q9BWJ5,Large Protein Complex,
SF3B6,Splicing factor 3B subunit 6,Q9Y3B4,Large Protein Complex,
SMC1A,Structural maintenance of chromosomes protein 1A,Q14683,Large Protein Complex,
SMC2,Structural maintenance of chromosomes protein 2,O95347,Large Protein Complex,
SMC3,Structural maintenance of chromosomes protein 3,Q9UQE7,Large Protein Complex,
SMC4,Structural maintenance of chromosomes protein 4,Q9NTJ3,Large Protein Complex,
SRSF1,Serine/arginine-rich splicing factor 1,Q07955,Large Protein Complex,
SRSF11,Serine/arginine-rich splicing factor 11,Q05519,Large Protein Complex,
SRSF2,Serine/arginine-rich splicing factor 2,Q01130,Large Protein Complex,
SRSF3,Serine/arginine-rich splicing factor 3,P84103,Large Protein Complex,
SRSF4,Serine/arginine-rich splicing factor 4,Q08170,Large Protein Complex,
SRSF5,Serine/arginine-rich splicing factor 5,Q13243,Large Protein Complex,
SRSF6,Serine/arginine-rich splicing factor 6,Q13247,Large Protein Complex,
SRSF7,Serine/arginine-rich splicing factor 7,Q16629,Large Protein Complex,
SRSF9,Serine/arginine-rich splicing factor 9,Q13242,Large Protein Complex,
TCP1,T-complex protein 1 subunit alpha,P17987,Large Protein Complex,
TRAPPC1,Trafficking protein particle complex subunit 1,Q9Y5R8,Large Protein Complex,
TRAPPC10,Trafficking protein particle complex subunit 10,P48553,Large Protein Complex,
TRAPPC11,Trafficking protein particle complex subunit 11,Q7Z392,Large Protein Complex,
TRAPPC13,Trafficking protein particle complex subunit 13,A5PLN9,Large Protein Complex,
TRAPPC2L,Trafficking protein particle complex subunit 2-like protein,Q9UL33,Large Protein Complex,
TRAPPC3,Trafficking protein particle complex subunit 3,O43617,Large Protein Complex,
TRAPPC4,Trafficking protein particle complex subunit 4,Q9Y296,Large Protein Complex,
TRAPPC5,Trafficking protein particle complex subunit 5,Q8IUR0,Large Protein Complex,
TRAPPC8,Trafficking protein particle complex subunit 8,Q9Y2L5,Large Protein Complex,
TRAPPC9,Trafficking protein particle complex subunit 9,Q96Q05,Large Protein Complex,
TUBA1B,Tubulin alpha-1B chain,P68363,Large Protein Complex,
TUBA1C,Tubulin alpha-1C chain,Q9BQE3,Large Protein Complex,
TUBA4A,Tubulin alpha-4A chain,P68366,Large Protein Complex,
TUBB,Tubulin beta chain,P07437,Large Protein Complex,
TUBB4B,Tubulin beta-4B chain,P68371,Large Protein Complex,
TUBB6,Tubulin beta-6 chain,Q9BUF5,Large Protein Complex,
TUBB8,Tubulin beta-8 chain,Q3ZCM7,Large Protein Complex,
YTHDF1,YTH domain-containing family protein 1,Q9BYJ9,Large Protein Complex,
YTHDF2,YTH domain-containing family protein 2,Q9Y5A9,Large Protein Complex,
YTHDF3,YTH domain-containing family protein 3,Q7Z739,Large Protein Complex,
YWHAB,14-3-3 protein beta/alpha,P31946,Large Protein Complex,
YWHAE,14-3-3 protein epsilon,P62258,Large Protein Complex,
YWHAG,14-3-3 protein gamma,P61981,Large Protein Complex,
YWHAH,14-3-3 protein eta,Q04917,Large Protein Complex,
YWHAQ,14-3-3 protein theta,P27348,Large Protein Complex,
YWHAZ,14-3-3 protein zeta/delta,P63104,Large Protein Complex,
ACP2,Lysosomal acid phosphatase,P11117,Lysosome,
ARSB,Arylsulfatase B,P15848,Lysosome,
ASAH1,Acid ceramidase,Q13510,Lysosome,
CLCN7,H(+)/Cl(-) exchange transporter 7,P51798,Lysosome,
CREG1,Protein CREG1,O75629,Lysosome,
CTSA,Lysosomal protective protein,P10619,Lysosome,
CTSB,Cathepsin B,P07858,Lysosome,
CTSC,Dipeptidyl peptidase 1,P53634,Lysosome,
CTSD,Cathepsin D,P07339,Lysosome,
CTSL,Cathepsin L1,P07711,Lysosome,
CTSZ,Cathepsin Z,Q9UBR2,Lysosome,
DNASE2,Deoxyribonuclease-2-alpha,O00115,Lysosome,
GAA,Lysosomal alpha-glucosidase,P10253,Lysosome,
GBA,Glucosylceramidase,P04062,Lysosome,
GGH,Gamma-glutamyl hydrolase,Q92820,Lysosome,
GLA,Alpha-galactosidase A,P06280,Lysosome,
GLB1,Beta-galactosidase,P16278,Lysosome,
GLMP,Glycosylated lysosomal membrane protein,Q8WWB7,Lysosome,
GNS,N-acetylglucosamine-6-sulfatase,P15586,Lysosome,
HEXA,Beta-hexosaminidase subunit alpha,P06865,Lysosome,
HEXB,Beta-hexosaminidase subunit beta,P07686,Lysosome,
IFI30,Gamma-interferon-inducible lysosomal thiol reductase,P13284,Lysosome,
LAMP1,Lysosome-associated membrane glycoprotein 1,P11279,Lysosome,
LAMP2,Lysosome-associated membrane glycoprotein 2,P13473,Lysosome,
LAMTOR1,Ragulator complex protein LAMTOR1,Q6IAA8,Lysosome,
LAMTOR2,Ragulator complex protein LAMTOR2,Q9Y2Q5,Lysosome,
LAMTOR3,Ragulator complex protein LAMTOR3,Q9UHA4,Lysosome,
LAMTOR4,Ragulator complex protein LAMTOR4,Q0VGL1,Lysosome,
LAMTOR5,Ragulator complex protein LAMTOR5,O43504,Lysosome,
LIPA,Lysosomal acid lipase/cholesteryl ester hydrolase,P38571,Lysosome,
MAN2B1,Lysosomal alpha-mannosidase,O00754,Lysosome,
NAGA,Alpha-N-acetylgalactosaminidase,P17050,Lysosome,
NAGLU,Alpha-N-acetylglucosaminidase,P54802,Lysosome,
NEU1,Sialidase-1,Q99519,Lysosome,
NPC1,Niemann-Pick C1 protein,O15118,Lysosome,
NPC2,Epididymal secretory protein E1,P61916,Lysosome,
PLBD2,Putative phospholipase B-like 2,Q8NHP8,Lysosome,
PPT1,Palmitoyl-protein thioesterase 1,P50897,Lysosome,
PRCP,Lysosomal Pro-X carboxypeptidase,P42785,Lysosome,
PSAP,Prosaposin,P07602,Lysosome,
SCARB2,Lysosome membrane protein 2,Q14108,Lysosome,
SIAE,Sialate O-acetylesterase,Q9HAT2,Lysosome,
TPP1,Tripeptidyl-peptidase 1,O14773,Lysosome,
ATP5A1,"ATP synthase subunit alpha, mitochondrial",P25705,Mitochondrion,Inner Membrane
ATP5B,"ATP synthase subunit beta, mitochondrial",P06576,Mitochondrion,Inner Membrane
ATP5C1,"ATP synthase subunit gamma, mitochondrial",P36542,Mitochondrion,Inner Membrane
ATP5F1,"ATP synthase F(0) complex subunit B1, mitochondrial",P24539,Mitochondrion,Inner Membrane
ATP5H,"ATP synthase subunit d, mitochondrial",O75947,Mitochondrion,Inner Membrane
ATP5I,"ATP synthase subunit e, mitochondrial",P56385,Mitochondrion,Inner Membrane
ATP5L,"ATP synthase subunit g, mitochondrial",O75964,Mitochondrion,Inner Membrane
ATP5O,"ATP synthase subunit O, mitochondrial",P48047,Mitochondrion,Inner Membrane
CHCHD3,MICOS complex subunit MIC19,Q9NX63,Mitochondrion,Inner Membrane
COA3,"Cytochrome c oxidase assembly factor 3 homolog, mitochondrial",Q9Y2R0,Mitochondrion,Inner Membrane
COX4I1,"Cytochrome c oxidase subunit 4 isoform 1, mitochondrial",P13073,Mitochondrion,Inner Membrane
COX5A,"Cytochrome c oxidase subunit 5A, mitochondrial",P20674,Mitochondrion,Inner Membrane
COX6C,Cytochrome c oxidase subunit 6C,P09669,Mitochondrion,Inner Membrane
COX7C,"Cytochrome c oxidase subunit 7C, mitochondrial",P15954,Mitochondrion,Inner Membrane
DNAJC15,DnaJ homolog subfamily C member 15,Q9Y5T4,Mitochondrion,Inner Membrane
HCCS,Cytochrome c-type heme lyase,P53701,Mitochondrion,Inner Membrane
IMMT,MICOS complex subunit MIC60,Q16891,Mitochondrion,Inner Membrane
LETM1,"LETM1 and EF-hand domain-containing protein 1, mitochondrial",O95202,Mitochondrion,Inner Membrane
MT-CO2,Cytochrome c oxidase subunit 2,P00403,Mitochondrion,Inner Membrane
NDUFAF3,NADH dehydrogenase [ubiquinone] 1 alpha subcomplex assembly factor 3,Q9BU61,Mitochondrion,Inner Membrane
NDUFB11,"NADH dehydrogenase [ubiquinone] 1 beta subcomplex subunit 11, mitochondrial",Q9NX14,Mitochondrion,Inner Membrane
NDUFB3,NADH dehydrogenase [ubiquinone] 1 beta subcomplex subunit 3,O43676,Mitochondrion,Inner Membrane
NDUFB5,"NADH dehydrogenase [ubiquinone] 1 beta subcomplex subunit 5, mitochondrial",O43674,Mitochondrion,Inner Membrane
NDUFS1,"NADH-ubiquinone oxidoreductase 75 kDa subunit, mitochondrial",P28331,Mitochondrion,Inner Membrane
NDUFV2,"NADH dehydrogenase [ubiquinone] flavoprotein 2, mitochondrial",P19404,Mitochondrion,Inner Membrane
OXA1L,Mitochondrial inner membrane protein OXA1L,Q15070,Mitochondrion,Inner Membrane
PHB,Prohibitin,P35232,Mitochondrion,Inner Membrane
SDHB,"Succinate dehydrogenase [ubiquinone] iron-sulfur subunit, mitochondrial",P21912,Mitochondrion,Inner Membrane
SLC25A1,"Tricarboxylate transport protein, mitochondrial",P53007,Mitochondrion,Inner Membrane
SLC25A10,Mitochondrial dicarboxylate carrier,Q9UBX3,Mitochondrion,Inner Membrane
SLC25A11,Mitochondrial 2-oxoglutarate/malate carrier protein,Q02978,Mitochondrion,Inner Membrane
SLC25A13,Calcium-binding mitochondrial carrier protein Aralar2,Q9UJS0,Mitochondrion,Inner Membrane
SLC25A22,Mitochondrial glutamate carrier 1,Q9H936,Mitochondrion,Inner Membrane
SLC25A24,Calcium-binding mitochondrial carrier protein SCaMC-1,Q6NUK1,Mitochondrion,Inner Membrane
SLC25A3,"Phosphate carrier protein, mitochondrial",Q00325,Mitochondrion,Inner Membrane
SLC25A5,ADP/ATP translocase 2,P05141,Mitochondrion,Inner Membrane
SLC25A6,ADP/ATP translocase 3,P12236,Mitochondrion,Inner Membrane
TIMM21,Mitochondrial import inner membrane translocase subunit Tim21,Q9BVV7,Mitochondrion,Inner Membrane
TIMM23,Mitochondrial import inner membrane translocase subunit Tim23,O14925,Mitochondrion,Inner Membrane
TIMM50,Mitochondrial import inner membrane translocase subunit TIM50,Q3ZCQ8,Mitochondrion,Inner Membrane
TMEM70,"Transmembrane protein 70, mitochondrial",Q9BUB7,Mitochondrion,Inner Membrane
UQCRB,Cytochrome b-c1 complex subunit 7,P14927,Mitochondrion,Inner Membrane
UQCRC1,"Cytochrome b-c1 complex subunit 1, mitochondrial",P31930,Mitochondrion,Inner Membrane
UQCRC2,"Cytochrome b-c1 complex subunit 2, mitochondrial",P22695,Mitochondrion,Inner Membrane
UQCRQ,Cytochrome b-c1 complex subunit 8,O14949,Mitochondrion,Inner Membrane
YME1L1,ATP-dependent zinc metalloprotease YME1L1,Q96TA2,Mitochondrion,Inner Membrane
ACOT13,Acyl-coenzyme A thioesterase 13,Q9NPJ3,Mitochondrion,Matrix
ALDH4A1,"Delta-1-pyrroline-5-carboxylate dehydrogenase, mitochondrial",P30038,Mitochondrion,Matrix
HAGH,"Hydroxyacylglutathione hydrolase, mitochondrial",Q16775,Mitochondrion,Matrix
AARS2,"Alanine--tRNA ligase, mitochondrial",Q5JTZ9,Mitochondrion,Matrix
ACADM,"Medium-chain specific acyl-CoA dehydrogenase, mitochondrial",P11310,Mitochondrion,Matrix
ACADSB,"Short/branched chain specific acyl-CoA dehydrogenase, mitochondrial",P45954,Mitochondrion,Matrix
ACAT1,"Acetyl-CoA acetyltransferase, mitochondrial",P24752,Mitochondrion,Matrix
AK2,"Adenylate kinase 2, mitochondrial",P54819,Mitochondrion,Matrix
AK4,"Adenylate kinase 4, mitochondrial",P27144,Mitochondrion,Matrix
ALDH1B1,"Aldehyde dehydrogenase X, mitochondrial",P30837,Mitochondrion,Matrix
ALDH5A1,"Succinate-semialdehyde dehydrogenase, mitochondrial",P51649,Mitochondrion,Matrix
ALDH7A1,Alpha-aminoadipic semialdehyde dehydrogenase,P49419,Mitochondrion,Matrix
APOA1BP,NAD(P)H-hydrate epimerase,Q8NCW5,Mitochondrion,Matrix
ATPIF1,"ATPase inhibitor, mitochondrial",Q9UII2,Mitochondrion,Matrix
BCKDHA,"2-oxoisovalerate dehydrogenase subunit alpha, mitochondrial",P12694,Mitochondrion,Matrix
BCKDHB,"2-oxoisovalerate dehydrogenase subunit beta, mitochondrial",P21953,Mitochondrion,Matrix
CARS2,"Probable cysteine--tRNA ligase, mitochondrial",Q9HA77,Mitochondrion,Matrix
CLPP,"ATP-dependent Clp protease proteolytic subunit, mitochondrial",Q16740,Mitochondrion,Matrix
CLPX,"ATP-dependent Clp protease ATP-binding subunit clpX-like, mitochondrial",O76031,Mitochondrion,Matrix
COA7,Cytochrome c oxidase assembly factor 7,Q96BR5,Mitochondrion,Matrix
CPS1,"Carbamoyl-phosphate synthase [ammonia], mitochondrial",P31327,Mitochondrion,Matrix
CS,"Citrate synthase, mitochondrial",O75390,Mitochondrion,Matrix
CYCS,Cytochrome c,P99999,Mitochondrion,Matrix
DAP3,"28S ribosomal protein S29, mitochondrial",P51398,Mitochondrion,Matrix
DARS2,"Aspartate--tRNA ligase, mitochondrial",Q6PI48,Mitochondrion,Matrix
DBT,"Lipoamide acyltransferase component of branched-chain alpha-keto acid dehydrogenase complex, mitochondrial",P11182,Mitochondrion,Matrix
DLAT,"Dihydrolipoyllysine-residue acetyltransferase component of pyruvate dehydrogenase complex, mitochondrial",P10515,Mitochondrion,Matrix
DLD,"Dihydrolipoyl dehydrogenase, mitochondrial",P09622,Mitochondrion,Matrix
DLST,"Dihydrolipoyllysine-residue succinyltransferase component of 2-oxoglutarate dehydrogenase complex, mitochondrial",P36957,Mitochondrion,Matrix
DNAJA3,"DnaJ homolog subfamily A member 3, mitochondrial",Q96EY1,Mitochondrion,Matrix
DTYMK,Thymidylate kinase,P23919,Mitochondrion,Matrix
EARS2,"Probable glutamate--tRNA ligase, mitochondrial",Q5JPH6,Mitochondrion,Matrix
ECHS1,"Enoyl-CoA hydratase, mitochondrial",P30084,Mitochondrion,Matrix
ECI1,"Enoyl-CoA delta isomerase 1, mitochondrial",P42126,Mitochondrion,Matrix
ELAC2,Zinc phosphodiesterase ELAC protein 2,Q9BQ52,Mitochondrion,Matrix
ETFA,"Electron transfer flavoprotein subunit alpha, mitochondrial",P13804,Mitochondrion,Matrix
ETFB,Electron transfer flavoprotein subunit beta,P38117,Mitochondrion,Matrix
FARS2,"Phenylalanine--tRNA ligase, mitochondrial",O95363,Mitochondrion,Matrix
FDX1,"Adrenodoxin, mitochondrial",P10109,Mitochondrion,Matrix
FDXR,"NADPH:adrenodoxin oxidoreductase, mitochondrial",P22570,Mitochondrion,Matrix
FH,"Fumarate hydratase, mitochondrial",P07954,Mitochondrion,Matrix
GCDH,"Glutaryl-CoA dehydrogenase, mitochondrial",Q92947,Mitochondrion,Matrix
GLUD1,"Glutamate dehydrogenase 1, mitochondrial",P00367,Mitochondrion,Matrix
GOT2,"Aspartate aminotransferase, mitochondrial",P00505,Mitochondrion,Matrix
GRPEL1,"GrpE protein homolog 1, mitochondrial",Q9HAV7,Mitochondrion,Matrix
GRPEL2,"GrpE protein homolog 2, mitochondrial",Q8TAA5,Mitochondrion,Matrix
GSR,"Glutathione reductase, mitochondrial",P00390,Mitochondrion,Matrix
HADH,"Hydroxyacyl-coenzyme A dehydrogenase, mitochondrial",Q16836,Mitochondrion,Matrix
HARS2,"Probable histidine--tRNA ligase, mitochondrial",P49590,Mitochondrion,Matrix
HSD17B8,Estradiol 17-beta-dehydrogenase 8,Q92506,Mitochondrion,Matrix
HSPA9,"Stress-70 protein, mitochondrial",P38646,Mitochondrion,Matrix
HSPD1,"60 kDa heat shock protein, mitochondrial",P10809,Mitochondrion,Matrix
HSPE1,"10 kDa heat shock protein, mitochondrial",P61604,Mitochondrion,Matrix
IARS2,"Isoleucine--tRNA ligase, mitochondrial",Q9NSE4,Mitochondrion,Matrix
IDH3B,"Isocitrate dehydrogenase [NAD] subunit beta, mitochondrial",O43837,Mitochondrion,Matrix
IVD,"Isovaleryl-CoA dehydrogenase, mitochondrial",P26440,Mitochondrion,Matrix
KIAA0391,Mitochondrial ribonuclease P protein 3,O15091,Mitochondrion,Matrix
LACTB,"Serine beta-lactamase-like protein LACTB, mitochondrial",P83111,Mitochondrion,Matrix
LARS2,"Probable leucine--tRNA ligase, mitochondrial",Q15031,Mitochondrion,Matrix
LONP1,"Lon protease homolog, mitochondrial",P36776,Mitochondrion,Matrix
LYRM7,Complex III assembly factor LYRM7,Q5U5X0,Mitochondrion,Matrix
MALSU1,Mitochondrial assembly of ribosomal large subunit protein 1,Q96EH3,Mitochondrion,Matrix
MCAT,"Malonyl-CoA-acyl carrier protein transacylase, mitochondrial",Q8IVS2,Mitochondrion,Matrix
MCCC1,"Methylcrotonoyl-CoA carboxylase subunit alpha, mitochondrial",Q96RQ3,Mitochondrion,Matrix
MCCC2,"Methylcrotonoyl-CoA carboxylase beta chain, mitochondrial",Q9HCC0,Mitochondrion,Matrix
MDH2,"Malate dehydrogenase, mitochondrial",P40926,Mitochondrion,Matrix
ME2,"NAD-dependent malic enzyme, mitochondrial",P23368,Mitochondrion,Matrix
MICU2,"Calcium uptake protein 2, mitochondrial",Q8IYU8,Mitochondrion,Matrix
MIPEP,Mitochondrial intermediate peptidase,Q99797,Mitochondrion,Matrix
MMAB,"Cob(I)yrinic acid a,c-diamide adenosyltransferase, mitochondrial",Q96EY8,Mitochondrion,Matrix
MRPL1,"39S ribosomal protein L1, mitochondrial",Q9BYD6,Mitochondrion,Matrix
MRPL10,"39S ribosomal protein L10, mitochondrial",Q7Z7H8,Mitochondrion,Matrix
MRPL11,"39S ribosomal protein L11, mitochondrial",Q9Y3B7,Mitochondrion,Matrix
MRPL13,"39S ribosomal protein L13, mitochondrial",Q9BYD1,Mitochondrion,Matrix
MRPL14,"39S ribosomal protein L14, mitochondrial",Q6P1L8,Mitochondrion,Matrix
MRPL15,"39S ribosomal protein L15, mitochondrial",Q9P015,Mitochondrion,Matrix
MRPL16,"39S ribosomal protein L16, mitochondrial",Q9NX20,Mitochondrion,Matrix
MRPL17,"39S ribosomal protein L17, mitochondrial",Q9NRX2,Mitochondrion,Matrix
MRPL18,"39S ribosomal protein L18, mitochondrial",Q9H0U6,Mitochondrion,Matrix
MRPL19,"39S ribosomal protein L19, mitochondrial",P49406,Mitochondrion,Matrix
MRPL2,"39S ribosomal protein L2, mitochondrial",Q5T653,Mitochondrion,Matrix
MRPL20,"39S ribosomal protein L20, mitochondrial",Q9BYC9,Mitochondrion,Matrix
MRPL21,"39S ribosomal protein L21, mitochondrial",Q7Z2W9,Mitochondrion,Matrix
MRPL22,"39S ribosomal protein L22, mitochondrial",Q9NWU5,Mitochondrion,Matrix
MRPL23,"39S ribosomal protein L23, mitochondrial",Q16540,Mitochondrion,Matrix
MRPL24,"39S ribosomal protein L24, mitochondrial",Q96A35,Mitochondrion,Matrix
MRPL27,"39S ribosomal protein L27, mitochondrial",Q9P0M9,Mitochondrion,Matrix
MRPL28,"39S ribosomal protein L28, mitochondrial",Q13084,Mitochondrion,Matrix
MRPL3,"39S ribosomal protein L3, mitochondrial",P09001,Mitochondrion,Matrix
MRPL30,"39S ribosomal protein L30, mitochondrial",Q8TCC3,Mitochondrion,Matrix
MRPL32,"39S ribosomal protein L32, mitochondrial",Q9BYC8,Mitochondrion,Matrix
MRPL37,"39S ribosomal protein L37, mitochondrial",Q9BZE1,Mitochondrion,Matrix
MRPL38,"39S ribosomal protein L38, mitochondrial",Q96DV4,Mitochondrion,Matrix
MRPL39,"39S ribosomal protein L39, mitochondrial",Q9NYK5,Mitochondrion,Matrix
MRPL4,"39S ribosomal protein L4, mitochondrial",Q9BYD3,Mitochondrion,Matrix
MRPL41,"39S ribosomal protein L41, mitochondrial",Q8IXM3,Mitochondrion,Matrix
MRPL43,"39S ribosomal protein L43, mitochondrial",Q8N983,Mitochondrion,Matrix
MRPL44,"39S ribosomal protein L44, mitochondrial",Q9H9J2,Mitochondrion,Matrix
MRPL45,"39S ribosomal protein L45, mitochondrial",Q9BRJ2,Mitochondrion,Matrix
MRPL46,"39S ribosomal protein L46, mitochondrial",Q9H2W6,Mitochondrion,Matrix
MRPL47,"39S ribosomal protein L47, mitochondrial",Q9HD33,Mitochondrion,Matrix
MRPL48,"39S ribosomal protein L48, mitochondrial",Q96GC5,Mitochondrion,Matrix
MRPL49,"39S ribosomal protein L49, mitochondrial",Q13405,Mitochondrion,Matrix
MRPL50,"39S ribosomal protein L50, mitochondrial",Q8N5N7,Mitochondrion,Matrix
MRPL53,"39S ribosomal protein L53, mitochondrial",Q96EL3,Mitochondrion,Matrix
MRPL55,"39S ribosomal protein L55, mitochondrial",Q7Z7F7,Mitochondrion,Matrix
MRPL9,"39S ribosomal protein L9, mitochondrial",Q9BYD2,Mitochondrion,Matrix
MRPS10,"28S ribosomal protein S10, mitochondrial",P82664,Mitochondrion,Matrix
MRPS11,"28S ribosomal protein S11, mitochondrial",P82912,Mitochondrion,Matrix
MRPS12,"28S ribosomal protein S12, mitochondrial",O15235,Mitochondrion,Matrix
MRPS14,"28S ribosomal protein S14, mitochondrial",O60783,Mitochondrion,Matrix
MRPS15,"28S ribosomal protein S15, mitochondrial",P82914,Mitochondrion,Matrix
MRPS16,"28S ribosomal protein S16, mitochondrial",Q9Y3D3,Mitochondrion,Matrix
MRPS17,"28S ribosomal protein S17, mitochondrial",Q9Y2R5,Mitochondrion,Matrix
MRPS18A,"28S ribosomal protein S18a, mitochondrial",Q9NVS2,Mitochondrion,Matrix
MRPS18B,"28S ribosomal protein S18b, mitochondrial",Q9Y676,Mitochondrion,Matrix
MRPS2,"28S ribosomal protein S2, mitochondrial",Q9Y399,Mitochondrion,Matrix
MRPS22,"28S ribosomal protein S22, mitochondrial",P82650,Mitochondrion,Matrix
MRPS23,"28S ribosomal protein S23, mitochondrial",Q9Y3D9,Mitochondrion,Matrix
MRPS24,"28S ribosomal protein S24, mitochondrial",Q96EL2,Mitochondrion,Matrix
MRPS25,"28S ribosomal protein S25, mitochondrial",P82663,Mitochondrion,Matrix
MRPS26,"28S ribosomal protein S26, mitochondrial",Q9BYN8,Mitochondrion,Matrix
MRPS27,"28S ribosomal protein S27, mitochondrial",Q92552,Mitochondrion,Matrix
MRPS28,"28S ribosomal protein S28, mitochondrial",Q9Y2Q9,Mitochondrion,Matrix
MRPS30,"28S ribosomal protein S30, mitochondrial",Q9NP92,Mitochondrion,Matrix
MRPS31,"28S ribosomal protein S31, mitochondrial",Q92665,Mitochondrion,Matrix
MRPS34,"28S ribosomal protein S34, mitochondrial",P82930,Mitochondrion,Matrix
MRPS35,"28S ribosomal protein S35, mitochondrial",P82673,Mitochondrion,Matrix
MRPS36,"28S ribosomal protein S36, mitochondrial",P82909,Mitochondrion,Matrix
MRPS5,"28S ribosomal protein S5, mitochondrial",P82675,Mitochondrion,Matrix
MRPS6,"28S ribosomal protein S6, mitochondrial",P82932,Mitochondrion,Matrix
MRPS7,"28S ribosomal protein S7, mitochondrial",Q9Y2R9,Mitochondrion,Matrix
MRPS9,"28S ribosomal protein S9, mitochondrial",P82933,Mitochondrion,Matrix
MTHFD1L,"Monofunctional C1-tetrahydrofolate synthase, mitochondrial",Q6UB35,Mitochondrion,Matrix
MUT,"Methylmalonyl-CoA mutase, mitochondrial",P22033,Mitochondrion,Matrix
NARS2,"Probable asparagine--tRNA ligase, mitochondrial",Q96I59,Mitochondrion,Matrix
NDUFA10,"NADH dehydrogenase [ubiquinone] 1 alpha subcomplex subunit 10, mitochondrial",O95299,Mitochondrion,Matrix
NDUFA9,"NADH dehydrogenase [ubiquinone] 1 alpha subcomplex subunit 9, mitochondrial",Q16795,Mitochondrion,Matrix
NLN,"Neurolysin, mitochondrial",Q9BYT8,Mitochondrion,Matrix
OAT,"Ornithine aminotransferase, mitochondrial",P04181,Mitochondrion,Matrix
OGDH,"2-oxoglutarate dehydrogenase, mitochondrial",Q02218,Mitochondrion,Matrix
OXCT1,"Succinyl-CoA:3-ketoacid coenzyme A transferase 1, mitochondrial",P55809,Mitochondrion,Matrix
PC,"Pyruvate carboxylase, mitochondrial",P11498,Mitochondrion,Matrix
PDE12,"2,5-phosphodiesterase 12",Q6L8Q7,Mitochondrion,Matrix
PDHA1,"Pyruvate dehydrogenase E1 component subunit alpha, somatic form, mitochondrial",P08559,Mitochondrion,Matrix
PDHB,"Pyruvate dehydrogenase E1 component subunit beta, mitochondrial",P11177,Mitochondrion,Matrix
PDHX,"Pyruvate dehydrogenase protein X component, mitochondrial",O00330,Mitochondrion,Matrix
PDP1,"[Pyruvate dehydrogenase [acetyl-transferring]]-phosphatase 1, mitochondrial",Q9P0J1,Mitochondrion,Matrix
PDPR,"Pyruvate dehydrogenase phosphatase regulatory subunit, mitochondrial",Q8NCN5,Mitochondrion,Matrix
PITRM1,"Presequence protease, mitochondrial",Q5JRX3,Mitochondrion,Matrix
PMPCA,Mitochondrial-processing peptidase subunit alpha,Q10713,Mitochondrion,Matrix
PMPCB,Mitochondrial-processing peptidase subunit beta,O75439,Mitochondrion,Matrix
PNPT1,"Polyribonucleotide nucleotidyltransferase 1, mitochondrial",Q8TCS8,Mitochondrion,Matrix
POLG,DNA polymerase subunit gamma-1,P54098,Mitochondrion,Matrix
POLRMT,"DNA-directed RNA polymerase, mitochondrial",O00411,Mitochondrion,Matrix
PPA2,"Inorganic pyrophosphatase 2, mitochondrial",Q9H2U2,Mitochondrion,Matrix
PPIF,"Peptidyl-prolyl cis-trans isomerase F, mitochondrial",P30405,Mitochondrion,Matrix
PYCR1,"Pyrroline-5-carboxylate reductase 1, mitochondrial",P32322,Mitochondrion,Matrix
RNMTL1,"rRNA methyltransferase 3, mitochondrial",Q9HC36,Mitochondrion,Matrix
SARS2,"Serine--tRNA ligase, mitochondrial",Q9NP81,Mitochondrion,Matrix
SDHAF2,"Succinate dehydrogenase assembly factor 2, mitochondrial",Q9NX18,Mitochondrion,Matrix
SHMT2,"Serine hydroxymethyltransferase, mitochondrial",P34897,Mitochondrion,Matrix
SOD2,"Superoxide dismutase [Mn], mitochondrial",P04179,Mitochondrion,Matrix
SSBP1,"Single-stranded DNA-binding protein, mitochondrial",Q04837,Mitochondrion,Matrix
SUCLA2,"Succinyl-CoA ligase [ADP-forming] subunit beta, mitochondrial",Q9P2R7,Mitochondrion,Matrix
SUCLG1,"Succinyl-CoA ligase [ADP/GDP-forming] subunit alpha, mitochondrial",P53597,Mitochondrion,Matrix
SUCLG2,"Succinyl-CoA ligase [GDP-forming] subunit beta, mitochondrial",Q96I99,Mitochondrion,Matrix
SUPV3L1,"ATP-dependent RNA helicase SUPV3L1, mitochondrial",Q8IYB8,Mitochondrion,Matrix
TARS2,"Threonine--tRNA ligase, mitochondrial",Q9BW92,Mitochondrion,Matrix
TFAM,"Transcription factor A, mitochondrial",Q00059,Mitochondrion,Matrix
TFB2M,"Dimethyladenosine transferase 2, mitochondrial",Q9H5Q4,Mitochondrion,Matrix
TRAP1,"Heat shock protein 75 kDa, mitochondrial",Q12931,Mitochondrion,Matrix
TRMT10C,Mitochondrial ribonuclease P protein 1,Q7L0Y3,Mitochondrion,Matrix
TST,Thiosulfate sulfurtransferase,Q16762,Mitochondrion,Matrix
WARS2,"Tryptophan--tRNA ligase, mitochondrial",Q9UGM6,Mitochondrion,Matrix
YARS2,"Tyrosine--tRNA ligase, mitochondrial",Q9Y2Z4,Mitochondrion,Matrix
AKAP1,"A-kinase anchor protein 1, mitochondrial",Q92667,Mitochondrion,Outer Membrane
CISD1,CDGSH iron-sulfur domain-containing protein 1,Q9NZ45,Mitochondrion,Outer Membrane
CPT1A,"Carnitine O-palmitoyltransferase 1, liver isoform",P50416,Mitochondrion,Outer Membrane
42430,Mitochondrial amidoxime-reducing component 1,Q5VT66,Mitochondrion,Outer Membrane
42431,Mitochondrial amidoxime reducing component 2,Q969Z3,Mitochondrion,Outer Membrane
MAVS,Mitochondrial antiviral-signaling protein,Q7Z434,Mitochondrion,Outer Membrane
MFF,Mitochondrial fission factor,Q9GZY8,Mitochondrion,Outer Membrane
MFN1,Mitofusin-1,Q8IWA4,Mitochondrion,Outer Membrane
MFN2,Mitofusin-2,O95140,Mitochondrion,Outer Membrane
MTCH1,Mitochondrial carrier homolog 1,Q9NZJ7,Mitochondrion,Outer Membrane
MTCH2,Mitochondrial carrier homolog 2,Q9Y6C9,Mitochondrion,Outer Membrane
RHOT1,Mitochondrial Rho GTPase 1,Q8IXI2,Mitochondrion,Outer Membrane
RHOT2,Mitochondrial Rho GTPase 2,Q8IXI1,Mitochondrion,Outer Membrane
TOMM22,Mitochondrial import receptor subunit TOM22 homolog,Q9NS69,Mitochondrion,Outer Membrane
TOMM40,Mitochondrial import receptor subunit TOM40 homolog,O96008,Mitochondrion,Outer Membrane
TOMM5,Mitochondrial import receptor subunit TOM5 homolog,Q8N4H5,Mitochondrion,Outer Membrane
TOMM70A,Mitochondrial import receptor subunit TOM70,O94826,Mitochondrion,Outer Membrane
VDAC1,Voltage-dependent anion-selective channel protein 1,P21796,Mitochondrion,Outer Membrane
VDAC2,Voltage-dependent anion-selective channel protein 2,P45880,Mitochondrion,Outer Membrane
VDAC3,Voltage-dependent anion-selective channel protein 3,Q9Y277,Mitochondrion,Outer Membrane
NUP107,Nuclear pore complex protein Nup107,P57740,Nuclear pore complex,
NUP133,Nuclear pore complex protein Nup133,Q8WUM0,Nuclear pore complex,
NUP155,Nuclear pore complex protein Nup155,O75694,Nuclear pore complex,
NUP160,Nuclear pore complex protein Nup160,Q12769,Nuclear pore complex,
NUP188,Nucleoporin NUP188 homolog,Q5SRE5,Nuclear pore complex,
NUP205,Nuclear pore complex protein Nup205,Q92621,Nuclear pore complex,
NUP210,Nuclear pore membrane glycoprotein 210,Q8TEM1,Nuclear pore complex,
NUP214,Nuclear pore complex protein Nup214 (214 kDa nucleoporin) (Nucleoporin Nup214) (Protein CAN),P35658,Nuclear pore complex,
NUP35,Nucleoporin NUP53,Q8NFH5,Nuclear pore complex,
NUP37,Nucleoporin Nup37,Q8NFH4,Nuclear pore complex,
NUP54,Nucleoporin p54,Q7Z3B4,Nuclear pore complex,
NUP62,Nuclear pore glycoprotein p62,P37198,Nuclear pore complex,
NUP85,Nuclear pore complex protein Nup85,Q9BW27,Nuclear pore complex,
NUP88,Nuclear pore complex protein Nup88,Q99567,Nuclear pore complex,
NUP93,Nuclear pore complex protein Nup93,Q8N1F7,Nuclear pore complex,
NUP98,Nuclear pore complex protein Nup98-Nup96,P52948,Nuclear pore complex,
NUPL1,Nucleoporin p58/p45,Q9BVL2,Nuclear pore complex,
RANBP2,E3 SUMO-protein ligase RanBP2,P49792,Nuclear pore complex,
ABCD1,ATP-binding cassette sub-family D member 1,P33897,Peroxisome,
ABCD3,ATP-binding cassette sub-family D member 3,P28288,Peroxisome,
ACAA1,"3-ketoacyl-CoA thiolase, peroxisomal",P09110,Peroxisome,
ACBD5,Acyl-CoA-binding domain-containing protein 5,Q5T8D3,Peroxisome,
ACOT8,Acyl-coenzyme A thioesterase 8,O14734,Peroxisome,
ACOX1,Peroxisomal acyl-coenzyme A oxidase 1,Q15067,Peroxisome,
AGPS,"Alkyldihydroxyacetonephosphate synthase, peroxisomal",O00116,Peroxisome,
CAT,Catalase,P04040,Peroxisome,
DECR2,"Peroxisomal 2,4-dienoyl-CoA reductase",Q9NUI1,Peroxisome,
FAR1,Fatty acyl-CoA reductase 1,Q8WVX9,Peroxisome,
GNPAT,Dihydroxyacetone phosphate acyltransferase,O15228,Peroxisome,
HACL1,2-hydroxyacyl-CoA lyase 1,Q9UJ83,Peroxisome,
HSD17B4,Peroxisomal multifunctional enzyme type 2,P51659,Peroxisome,
PEX1,Peroxisome biogenesis factor 1,O43933,Peroxisome,
PEX11B,Peroxisomal membrane protein 11B,O96011,Peroxisome,
PEX13,Peroxisomal membrane protein PEX13,Q92968,Peroxisome,
PEX14,Peroxisomal membrane protein PEX14,O75381,Peroxisome,
PEX3,Peroxisomal biogenesis factor 3,P56589,Peroxisome,
PEX6,Peroxisome assembly factor 2,Q13608,Peroxisome,
SLC25A17,Peroxisomal membrane protein PMP34,O43808,Peroxisome,
TYSND1,Peroxisomal leader peptide-processing protease,Q2T9J0,Peroxisome,
ABCB1,Multidrug resistance protein 1,P08183,Plasma membrane,
ABCC2,Canalicular multispecific organic anion transporter 1,Q92887,Plasma membrane,
ADAM17,Disintegrin and metalloproteinase domain-containing protein 17,P78536,Plasma membrane,
ADAM9,Disintegrin and metalloproteinase domain-containing protein 9,Q13443,Plasma membrane,
ALPP,"Alkaline phosphatase, placental type",P05187,Plasma membrane,
ANO6,Anoctamin-6,Q4KMQ2,Plasma membrane,
ANTXR1,Anthrax toxin receptor 1,Q9H6X2,Plasma membrane,
AP2A1,AP-2 complex subunit alpha-1,O95782,Plasma membrane,
AP2A2,AP-2 complex subunit alpha-2,O94973,Plasma membrane,
AP2M1,AP-2 complex subunit mu,Q96CW1,Plasma membrane,
AP2S1,AP-2 complex subunit sigma,P53680,Plasma membrane,
ATP1A1,Sodium/potassium-transporting ATPase subunit alpha-1,P05023,Plasma membrane,
ATP1B1,Sodium/potassium-transporting ATPase subunit beta-1,P05026,Plasma membrane,
ATP1B3,Sodium/potassium-transporting ATPase subunit beta-3,P54709,Plasma membrane,
ATP2B1,Plasma membrane calcium-transporting ATPase 1,P20020,Plasma membrane,
ATP2B3,Plasma membrane calcium-transporting ATPase 3,Q16720,Plasma membrane,
ATP2B4,Plasma membrane calcium-transporting ATPase 4,P23634,Plasma membrane,
AXL,Tyrosine-protein kinase receptor UFO,P30530,Plasma membrane,
BASP1,Brain acid soluble protein 1,P80723,Plasma membrane,
BCAM,Basal cell adhesion molecule,P50895,Plasma membrane,
BSG,Basigin,P35613,Plasma membrane,
CADM1,Cell adhesion molecule 1,Q9BY67,Plasma membrane,
CD109,CD109 antigen,Q6YHK3,Plasma membrane,
CD44,CD44 antigen,P16070,Plasma membrane,
CD46,Membrane cofactor protein,P15529,Plasma membrane,
CD47,Leukocyte surface antigen CD47,Q08722,Plasma membrane,
CD55,Complement decay-accelerating factor,P08174,Plasma membrane,
CD58,Lymphocyte function-associated antigen 3,P19256,Plasma membrane,
CD59,CD59 glycoprotein,P13987,Plasma membrane,
CD9,CD9 antigen,P21926,Plasma membrane,
CD97,CD97 antigen,P48960,Plasma membrane,
CD99,CD99 antigen,P14209,Plasma membrane,
CDH10,Cadherin-10,Q9Y6N8,Plasma membrane,
CLMP,CXADR-like membrane protein,Q9H6B4,Plasma membrane,
CNNM2,Metal transporter CNNM2,Q9H8M5,Plasma membrane,
CNNM3,Metal transporter CNNM3,Q8NE01,Plasma membrane,
CPM,Carboxypeptidase M,P14384,Plasma membrane,
CSPG4,Chondroitin sulfate proteoglycan 4,Q6UVK1,Plasma membrane,
CXADR,Coxsackievirus and adenovirus receptor,P78310,Plasma membrane,
DAB2,Disabled homolog 2,P98082,Plasma membrane,
DAG1,Dystroglycan,Q14118,Plasma membrane,
DDR1,Epithelial discoidin domain-containing receptor 1,Q08345,Plasma membrane,
DDR2,Discoidin domain-containing receptor 2,Q16832,Plasma membrane,
DMD,Dystrophin,P11532,Plasma membrane,
DSC2,Desmocollin-2,Q02487,Plasma membrane,
DSG2,Desmoglein-2,Q14126,Plasma membrane,
EFR3A,Protein EFR3 homolog A,Q14156,Plasma membrane,
EGFR,Epidermal growth factor receptor,P00533,Plasma membrane,
EPHA2,Ephrin type-A receptor 2,P29317,Plasma membrane,
EPHB4,Ephrin type-B receptor 4,P54760,Plasma membrane,
EPS15L1,Epidermal growth factor receptor substrate 15-like 1,Q9UBC2,Plasma membrane,
F11R,Junctional adhesion molecule A,Q9Y624,Plasma membrane,
FARP1,"FERM, RhoGEF and pleckstrin domain-containing protein 1",Q9Y4F1,Plasma membrane,
FAS,Tumor necrosis factor receptor superfamily member 6,P25445,Plasma membrane,
FCHO2,F-BAR domain only protein 2,Q0JRZ9,Plasma membrane,
FMNL1,Formin-like protein 1,O95466,Plasma membrane,
FOLR1,Folate receptor alpha,P15328,Plasma membrane,
FYN,Tyrosine-protein kinase Fyn,P06241,Plasma membrane,
GAS1,Growth arrest-specific protein 1,P54826,Plasma membrane,
GNAS,Guanine nucleotide-binding protein G(s) subunit alpha isoforms short,P63092,Plasma membrane,
GPR64,G-protein coupled receptor 64,Q8IZP9,Plasma membrane,
GPRIN1,G protein-regulated inducer of neurite outgrowth 1,Q7Z2K8,Plasma membrane,
HSPG2,Basement membrane-specific heparan sulfate proteoglycan core protein,P98160,Plasma membrane,
ICAM1,Intercellular adhesion molecule 1,P05362,Plasma membrane,
IGF1R,Insulin-like growth factor 1 receptor,P08069,Plasma membrane,
IGSF8,Immunoglobulin superfamily member 8,Q969P0,Plasma membrane,
IL1RAP,Interleukin-1 receptor accessory protein,Q9NPH3,Plasma membrane,
IL6ST,Interleukin-6 receptor subunit beta,P40189,Plasma membrane,
INSR,Insulin receptor,P06213,Plasma membrane,
IQGAP1,Ras GTPase-activating-like protein IQGAP1,P46940,Plasma membrane,
ITGA3,Integrin alpha-3,P26006,Plasma membrane,
ITGA6,Integrin alpha-6,P23229,Plasma membrane,
ITGAV,Integrin alpha-V,P06756,Plasma membrane,
ITGB5,Integrin beta-5,P18084,Plasma membrane,
ITSN1,Intersectin-1,Q15811,Plasma membrane,
KIRREL,Kin of IRRE-like protein 1,Q96J84,Plasma membrane,
L1CAM,Neural cell adhesion molecule L1,P32004,Plasma membrane,
LIN7C,Protein lin-7 homolog C,Q9NUP9,Plasma membrane,
LRRC8A,Volume-regulated anion channel subunit LRRC8A,Q8IWT6,Plasma membrane,
LSR,Lipolysis-stimulated lipoprotein receptor,Q86X29,Plasma membrane,
LYPD3,Ly6/PLAUR domain-containing protein 3,O95274,Plasma membrane,
MCAM,Cell surface glycoprotein MUC18,P43121,Plasma membrane,
MET,Hepatocyte growth factor receptor,P08581,Plasma membrane,
MFI2,Melanotransferrin,P08582,Plasma membrane,
NOTCH2,Neurogenic locus notch homolog protein 2,Q04721,Plasma membrane,
NPR1,Atrial natriuretic peptide receptor 1,P16066,Plasma membrane,
NPR3,Atrial natriuretic peptide receptor 3,P17342,Plasma membrane,
NPTN,Neuroplastin,Q9Y639,Plasma membrane,
OLR1,Oxidized low-density lipoprotein receptor 1,P78380,Plasma membrane,
PALM,Paralemmin-1,O75781,Plasma membrane,
PCDH17,Protocadherin-17,O14917,Plasma membrane,
PCDH7,Protocadherin-7,O60245,Plasma membrane,
PLAUR,Urokinase plasminogen activator surface receptor,Q03405,Plasma membrane,
PLXNA1,Plexin-A1,Q9UIW2,Plasma membrane,
PLXNA2,Plexin-A2,O75051,Plasma membrane,
PLXNB2,Plexin-B2,O15031,Plasma membrane,
PLXND1,Plexin-D1,Q9Y4D7,Plasma membrane,
PTPRJ,Receptor-type tyrosine-protein phosphatase eta,Q12913,Plasma membrane,
PTPRK,Receptor-type tyrosine-protein phosphatase kappa,Q15262,Plasma membrane,
PVR,Poliovirus receptor,P15151,Plasma membrane,
PVRL2,Nectin-2,Q92692,Plasma membrane,
ROR2,Tyrosine-protein kinase transmembrane receptor ROR2,Q01974,Plasma membrane,
RTN4RL2,Reticulon-4 receptor-like 2,Q86UN3,Plasma membrane,
SLC12A7,Solute carrier family 12 member 7,Q9Y666,Plasma membrane,
SLC16A1,Monocarboxylate transporter 1,P53985,Plasma membrane,
SLC16A3,Monocarboxylate transporter 4,O15427,Plasma membrane,
SLC1A5,Neutral amino acid transporter B(0),Q15758,Plasma membrane,
SLC29A1,Equilibrative nucleoside transporter 1,Q99808,Plasma membrane,
SLC2A1,"Solute carrier family 2, facilitated glucose transporter member 1",P11166,Plasma membrane,
SLC2A3,"Solute carrier family 2, facilitated glucose transporter member 3",P11169,Plasma membrane,
SLC30A1,Zinc transporter 1,Q9Y6M5,Plasma membrane,
SLC39A14,Zinc transporter ZIP14,Q15043,Plasma membrane,
SLC39A6,Zinc transporter ZIP6,Q13433,Plasma membrane,
SLC3A2,4F2 cell-surface antigen heavy chain,P08195,Plasma membrane,
SLC43A2,Large neutral amino acids transporter small subunit 4,Q8N370,Plasma membrane,
SLC4A7,Sodium bicarbonate cotransporter 3,Q9Y6M7,Plasma membrane,
SLC7A1,High affinity cationic amino acid transporter 1,P30825,Plasma membrane,
SLC7A5,Large neutral amino acids transporter small subunit 1,Q01650,Plasma membrane,
SLCO4A1,Solute carrier organic anion transporter family member 4A1,Q96BD0,Plasma membrane,
SNAP23,Synaptosomal-associated protein 23,O00161,Plasma membrane,
STX3,Syntaxin-3,Q13277,Plasma membrane,
STX4,Syntaxin-4,Q12846,Plasma membrane,
STXBP3,Syntaxin-binding protein 3,O00186,Plasma membrane,
TGFBR3,Transforming growth factor beta receptor type 3,Q03167,Plasma membrane,
VANGL1,Vang-like protein 1,Q8TAA9,Plasma membrane,
XPR1,Xenotropic and polytropic retrovirus receptor 1,Q9UBH6,Plasma membrane,
ZDHHC5,Palmitoyltransferase ZDHHC5,Q9C0B5,Plasma membrane,
